upazila81,factory91,factory01,factory05,subdiv81,district81,subdiv61,pop81,nonRiverareaSQKM,hindu81,literacy81,primary81,madrasa81,metalledroad81,kutcha81,roof_bamboo81,hh81,agrolandowner81,urbanpop81,occ_hh81,occ_culti81,occ_mfg81
babuganj,0,1,1,barisal sadar(south),barisal,barisal sadar north,126188,153,7623,38,16955,659,31,251,9457,22029,18033,3852,33364,21085,712
bakerganj,0,1,1,barisal sadar(south),barisal,barisal  sadar south,312086,342,43448,37,39571,5796,142,317,24978,53650,38015,12123,87056,37030,1631
bandar,0,1,1,narayanganj,dhaka,,197839,42,10257,27,,,32,1287,5845,34342,11106,72213,39923,6270,19041
bhaluka,1,1,1,mymensinch sadar south,mymensinch,myrnensingh sadar south,215789,441,11689,16,18649,1112,23,476,29039,38332,30357,10523,57130,52236,151
boalkhali,1,1,1,chittagong sadar (patiya),chittagong,chittagong sadar south,174364,124,43445,32,20600,930,32,303,16879,28431,11233,19703,50821,8732,4137
cantonment,1,1,1,dhaka sadar,dhaka,,107432,37.19944598,1284,55,,,,,5103,17182,5181,107432,18949,,
chandanaish,0,1,1,chittagong sadar (patiya),chittagong,,155842,201,25239,25,16170,3540,21,129,18571,26701,14054,8517,41085,18756,1408
chandgaon,1,1,1,ctg sadar north,chittagong,,157513,12,10951,34,,1607,21,16,12925,24658,3389, ,28845,1022,13683
chittagong port,1,1,1,ctg sadar north,chittagong,,206013,122,12492,32,,378,48,18,15253,29694,9399,,43571,6501,8324
chouddagram,0,1,1,comilla sadar (south),comilla,comilla sadar south,366002,388,7581,22,35648,4350,42,579,34949,63005,46220,5989,96883,54675,3763
demra,1,1,1,dhaka sadar,dhaka,,320452,58.0213652,17550,39,,,2414,24,10925,55757,16484,320452,60218,4972,26759
dhanmondi,1,1,1,dhaka sadar,dhaka,,94047,5.853426277,1634,67,,,,,1500,12204,5446,94047,16127,216,1817
double mooring,1,1,1,ctg sadar north,chittagong,chittagong sadar north,272708,11,18221,48,34899,478,216,130,17491,41373,6596,,45100,400,7777
goshairhat,1,1,1,saritpur,faridpur,madaripur,92592,87,5359,17,9095,2300,,97,14112,21220,13122,,25686,20065,116
gazaria,0,1,1,munshiganj,dhaka,munshiganj,112850,96,4675,22,11605,,32,60,2618,19401,14489,710,29601,28328,477
gulshan,1,1,1,dhaka sadar,dhaka,,215444,82.86307692,11215,45,,,,,5858,35054,17090,215444,42638,9093,5598
joydevpup,1,1,1,gazipur,dhaka,dacca sadar north,231891,442,20352,26,15222,,92,499,17173,36885,24785,2155,57988,34033,8263
kaliakair,1,1,1,gazipur,dhaka,dacca sadar north,165766,308,28501,21,19845,,27,401,13533,26231,19631,2269,44225,33065,697
keraniganj,1,1,1,dhaka sadar,dhaka,dacca muuicipaiity,361625,92,48808,27,31529,,13,105,9323,61339,19104,165800,78739,17284,14518
khulna,1,1,1,khulna,khulna,khulna,287770,21,30268,48,29779,1806,155,116,33221,49675,11539,,53380,1662,8169
kotwali,1,1,1,ctg sadar north,chittagong,chittagong sadar north,209851,8,55894,60,15360,700,84,16,6998,25194,3150,,27857,589,3699
kotwali,1,1,1,dhaka sadar,dhaka,,181068,1.942497908,22887,50,,,,,1288,21368,4005,181068,27275,308,9699
kotwali,1,1,1,faridpur sadar,faridpur,faidpur sadar,278892,394,39862,27,27765,968,77,388,27249,45466,23655,66579,69616,38589,1432
lakshmipur,0,1,1,lakshmipur,noakhali,noakhali sadar,473611,373,26200,27,49469,4580,48,1041,41295,84914,61138,37813,124164,67780,2256
lalbag,1,1,1,dhaka sadar,dhaka,,306775,8.883788949,9799,43,,,,,7150,45044,9366,306775,52934,759,13162
lohagara,0,1,1,narail,jessore,narail,177245,278,36478,27,17755,250,45,526,18338,29816,19932,2658,47066,27005,480
mirpur,1,1,1,dhaka sadar,dhaka,,332231,58.40910689,7192,44,,,,,12794,54477,17327,332231,60835,4153,8316
mirzapur,1,1,1,tangail,tangail,tangail,294447,357,45452,23,28434,450,26,8,15120,47428,36025,19905,80974,50554,2205
mohammadpur,1,1,1,dhaka sadar,dhaka,,232817,11.68114997,7596,52,,,,,8408,36969,8564,232817,41036,2135,6219
motiijheel,1,1,1,dhaka sadar,dhaka,,350000,9.142678021,8584,58,,,,,10606,52819,12460,350000,60233,1489,5283
narayanganj,1,1,1,narayanganj,dhaka,narayanganj,196233,152.8294393,34620,45,,,,,3134,29895,5188,196233,36296,2338,10532
nawabganj,0,1,1,dhaka sadar,dhaka,dacca muuicipaiity,242139,235,54525,24,21468,,2,592,8189,40726,21551,8676,62406,22613,4779
panchlaish,1,1,1,ctg sadar north,chittagong,chittagong sadar north,116126,48,6818,45,19100,1000,97,48,9872,18077,3723,,17399,760,17627
patiya,1,1,1,chittagong sadar (patiya),chittagong,chittagong sadar south,288710,336,73392,28,41600,1419,116,237,29727,45717,22950,33490,86193,22491,1576
pahartali,1,1,1,ctg sadar north,chittagong,,97518,22,,16,,100,32,8,971,7112,261,,8483,126,18
raipura,0,1,1,narsingdi,dhaka,narayanganj,433943,310,20834,16,36207,,11,204,33354,76686,51470,22390,111503,71470,7802
ramna,1,1,1,dhaka sadar,dhaka,,111206,6.921391672,6018,66,,,,,2444,12514,3545,111206,13579,1488,1629
rupganj,1,1,1,narayanganj,dhaka,narayanganj,293244,228,31842,27,21482,,27,177,14932,49039,30053,56305,67701,28434,24940
rupsha,1,1,1,khulna,khulna,,120441,77,27532,32,,,,,14943,19540,8416,30440,26935,9092,4266
savar,1,1,1,dhaka sadar,dhaka,dacca sadar north,261904,264,33564,23,19039,,29,724,8761,41979,24625,22273,63917,37992,3875
serajdikhan,0,1,1,munshiganj,dhaka,munshiganj,197583,166,39284,26,21508,,483,420,5672,31687,20315,195,55306,23926,1158
sidhirganj,0,1,1,narayanganj,dhaka,,93998,25.64048009,1186,38,5334,,,,2510,16776,3169,93998,14181,1754,26573
singair,0,1,1,manikganj,dhaka,manikcganj,202184,198,16609,15,12660,,2,92,14550,34831,22647,10708,55230,39944,485
sitaikunda,0,1,1,ctg sadar north,chittagong,chittagong sadar north,236664,293,34136,32,14134,6625,69,452,22744,35399,14759,,59955,16198,27990
sreepur,0,1,1,gazipur,dhaka,dacca sadar north,238984,457,11228,19,22281,,43,705,28642,40722,31153,10271,61700,50728,610
sutrapur,1,1,1,dhaka sadar,dhaka,,308816,2.952605865,34865,52,,,,,4392,43451,10538,308816,53857,433,10316
tangail,1,1,1,tangail,tangail,tangail,281751,226,30261,27,4000,1260,85,480,17175,45542,28210,77518,70360,36189,2609
tejgaon,1,1,1,dhaka sadar,dhaka,dacca muuicipaiity,187282,5.672118239,3652,60,,,,,4562,25106,10539,187282,29489,554,13298
tongi,1,1,1,gazipur,dhaka,,119760,30,4386,37,,,,,7728,18853,6657,94580,22587,5837,22438
brahmanbaria,0,0,1,brahmanbaria,comilla,brahmanbaria,465661,489,51209,21,38261,,43,305,33316,75493,47552,87570,116785,72387,4258
dhamrai,0,0,1,dhaka sadar,dhaka,dacca sadar north,265593,288,38814,19,25927,,45,185,10694,43552,30733,14854,74375,49946,1764
gauripur,0,0,1,mymensinch sadar north,mymensinch,,166461,245,9956,18,14187,1069,37,296,23280,31102,21293,14370,39772,31925,210
madhupur,0,0,1,tangail,tangail,tangail,262544,481,10268,16,18773,3467,52,1226,30948,46715,34264,7353,66686,54714,513
narsingdi,0,0,1,narsingdi,dhaka,narayanganj,328708,195,30462,22,44500,,42,1287,16730,55974,29433,76841,78304,34972,19753
sherpur,0,0,1,sherpur,jamalpur,jamalpur,304636,357,9633,14,22756,803,21,8,43037,57153,34610,14794,72342,549372,2486
shibpur,0,1,1,narsingdi,dhaka,narayanganj,194155,206,9771,23,29435,,48,177,15412,35723,29281,5108,57660,40430,1809
shudaram,0,0,1,noakhali sadar,noakhali,noakhali sadar,433160,826,30049,24,1394,37874,483,225,54565,84786,53006,59065,62691,32213,1537
abhaynagar,0,0,0,jessore sadar,jessore,jessore sadar,176562,243,52204,31,15626,5282,34,781,19901,28073,16990,19746,43451,26222,9790
adamdighi,0,0,0,bogra sadar,bogra,bogra sadar,132690,170,14540,28,18742,1868,31,208,10188,23465,15713,23240,35963,20985,462
aditmari,0,0,0,lalmonirhat,rangpur,,134567,195,27847,14,7930,700,3,946,20159,23940,18106,,36360,34524,138
ajmiriganj,0,0,0,hobiganj,sylhet,habiganj,74094,161,23638,17,6047,350,32,64,5964,11846,6324,12175,19329,14438,144
akhaura,0,0,0,brahmanbaria,comilla,brahmanbaria,108417,95,8805,23,11204,250,16,134,10281,18346,12085,7267,28696,20863,211
akkeipur,0,0,0,joypurhat,bogra,bogra sadar,100436,138,8614,25,9243,1915,5,420,9956,18228,12744,3404,27151,21812,178
alamdanga,0,0,0,chuadanga,kushtia,chuadanga,202489,352,10313,16,19005,990,58,246,13398,31370,19805,47003,52000,40281,560
alfadanga,0,0,0, faridpur sadar,faridpur,faidpur sadar,58555,88,8649,24,5225,201,2,58,5872,9718,6357,3460,15458,9130,399
alikadam,0,0,0,lama,bandarban,,18298,340,435,12,620,90,,16,2947,2993,1097,4594,4480,3339,15
amtali,0,0,0,barguna,patuakhali,patuakhali,225897,546,16024,25,24954,1820,3,1127,29790,37454,26972,8909,66125,34253,172
anowara,0,0,0,chittagong sadar (patiya),chittagong,chittagong sadar south,175913,145,35835,21,24813,2700,2,10,24163,30861,19784,3518,50786,26737,1222
aradiazar,0,0,0,narayanganj,dhaka,narayanganj,232275,151,10510,16,1685,,24,85,10407,41527,24891,2331,56176,26609,8967
assasuni,0,0,0,satkhira,khulna,satkhira,223180,383,79902,24,17925,580,16,238,32510,37697,25335,6029,61130,38500,222
astacram,0,0,0,kishoreganj,mymensinch,kishoreganj,104331,294,17881,11,7198,210,2,156,8504,15497,10702,12427,27547,24739,66
atghorla,0,0,0,pabna sadar,pabna,pabna,104798,183,4504,16,12287,2585,19,386,12150,16443,10869,4919,27015,22505,539
atpara,0,0,0,netrokona,mymensinch,netrakona,106626,194,14360,19,8827,275,,220,15198,20099,13554,2299,26866,23968,95
atral,0,0,0,naogaon,rajshahi,naogaon,138756,283,19712,21,12029,375,2,80,6885,22778,15919,7582,36407,29205,463
atwari,0,0,0,panchagarh,dinajpur,dinajpur sadar,87067,210,22243,20,8457,2716,18,597,15194,16380,11950,2266,21448,20496,132
badalgachi,0,0,0,naogaon,rajshahi,naogaon,163046,211,24125,22,15151,2075,3,64,18794,30373,20377,4525,44399,36949,364
badarganj,0,0,0,rangpur sadar,rangpur,rangpur sadar,173252,299,22204,17,14532,1982,13,864,25599,33204,18202,17258,46657,28730,1138
bagatipara,0,0,0,natore,rajshahi,natore,86890,135,6313,23,7797,556,24,457,10088,13707,8640,5402,21286,14758,201
bagerhat,0,0,0,bagerhat,khulna,bagerhat,208143,268,59628,41,17643,1115,206,483,25489,35752,20805,37471,52609,21410,875
bagha,0,0,0,rajshahi sadar,rajshahi,rajslaahi sadar,125038,,10703,17,,,,,11621,20719,13517,,34847,18067,137
baghaichhari,0,0,0,rangamati,chittagong ht,,54547,1977,3094,20,5100,203,3,240,8651,8986,5352,8810,10914,12572,616
bagherpara,0,0,0,jessore sadar,jessore,jessore sadar,142608,268,34745,23,34880,3111,42,257,13255,21204,16492,6187,35878,28323,329
bagmara,0,0,0,rajshahi sadar,rajshahi,rajslaahi sadar,235347,363,14989,18,19756,3144,3,206,11864,41842,33259,2690,65998,53631,430
bahubal,0,0,0,hobiganj,sylhet,habiganj,116604,250,21592,17,10110,1928,24,79,17652,22136,13752,1627,29891,23550,3425
baidyer bazar,0,0,0,narayanganj,dhaka,narayanganj,210330,134,10661,20,19126,,26,71,8966,35725,22535,1726,51392,23379,9097
bajitpur,0,0,0,kishoreganj,mymensinch,kishoreganj,153079,172,20721,18,15061,360,3380,127,14819,28493,16995,17620,41199,27741,347
balaganj,0,0,0,sylhet sadar,sylhet,sylhet sadar,196772,375,20004,21,21164,750,39,97,16138,29648,16387,3618,49420,37610,584
baliadangi,0,0,0,thakurgaon,dinajpur,thakurgaon,119391,284,24864,17,8396,2271,6,687,18024,21991,15506,4834,31285,29082,120
balikandi,0,0,0,gopalpur,faridpur,goalaada,190837,330,61215,22,15674,3900,,362,20227,30455,22456,3528,52072,40539,952
bamna,0,0,0,barguna,patuakhali,patuakhali,63035,84,5937,35,8335,900,6,92,7048,11283,7896,5233,16807,10998,157
bancharampur,0,0,0,brahmanbaria,comilla,brahmanbaria,218673,150,12353,15,16030,1650,2,64,8497,37025,23725,5971,56288,28039,10391
bandarban,0,0,0,bandarban,bandarban,bandarban,28820,191,1586,23,7461,400,19,163,4913,5174,2572,10092,5690,7083,33
baniachang,0,0,0,hobiganj,sylhet,habiganj,204267,489,48427,15,16479,735,2,105,21605,33496,19052,50164,51087,43538,99
banshkhali,0,0,0,chittagong sadar (patiya),chittagong,chittagong sadar south,264835,349,38618,16,21107,3600,455,129,38039,45401,26763,12712,71962,41561,431
baraigram,0,0,0,natore,rajshahi,natore,170737,299,12627,18,15938,1633,61,105,20520,27679,18117,2196,42565,35064,323
barguna,0,0,0,barguna,patuakhali,patuakhali,194670,303,15939,31,21400,2404,19,98,25230,33397,22123,16650,51027,31185,690
barhatta,0,0,0,netrokona,mymensinch,netrakona,125234,230,16071,19,4488,726,322,188,17107,21274,13582,2319,29744,23628,70
barkal,0,0,0,rangamati,chittagong ht,rangamati,18568,735,325,15,2004,,,80,2858,2901,2074,766,4576,5070,19
barlekha,0,0,0,moulvieazar,sylhet,moulvibazar,169515,422,43284,22,15583,2700,16,48,18959,26009,14452,3570,41445,26308,4011
barnripara,0,0,0,perojpur,barisal,perojpur,125424,118,22192,40,15136,4200,29,266,11966,22989,14473,5769,32297,14488,425
barura,0,0,0,comilla sadar (south),comilla,comilla sadar south,253549,242,25090,23,24100,2875,19,161,27807,43053,34535,5844,65121,44542,520
basail,0,0,0,tangail,tangail,tangail,154966,171,17070,24,15616,1500,18,357,7336,25139,19416,9033,39901,27442,898
batiaghata,0,0,0,khulna,khulna,khulna,110524,241,60178,30,10809,315,21,129,15479,17787,10889,4912,29831,22426,674
bawphal,0,0,0,patuakhali,patuakhali,patuakhali,266709,330,29854,32,36980,1150,18,241,25482,45473,33002,9411,81197,31987,754
beanibazar,0,0,0,sylhet sadar,sylhet,sylhet sadar,161235,244,7986,29,19414,46000,35,209,11259,23938,11719,11640,46936,13739,874
begumganj,0,0,0,noakhali sadar,noakhali,noakhali sadar,583021,407,37078,31,52404,23460,611,1096,31195,100555,70942,6962,154976,50268,11303
belaichhari (kaptai),0,0,0,kaptai,chittagong ht,,14483,761,328,18,350,,,102,2238,2283,464,880,3633,1830,118
belkuchi,0,0,0,serajganj,pabna,serajganj,187414,117,18169,23,20090,1690,966,72,9668,30751,16119,10680,45316,19221,16798
bera,0,0,0,pabna sadar,pabna,pabna,163124,224,15264,19,13934,1944,2414,153,12057,26745,11660,16509,41923,17076,1341
betagi,0,0,0,barguna,patuakhali,patuakhali,110736,147,12077,36,16187,806,10,92,10990,19978,15156,8584,30609,17632,348
bhairab,0,0,0,kishoreganj,mymensinch,kishoreganj,161927,101,9325,18,9862,271,2253,266,9518,27150,13963,63563,38878,19351,2760
bhandaria,0,0,0,perojpur,barisal,,130105,137,17299,43,17471,800,18,195,15537,25081,15684,17264,36247,16458,385
bhanga,0,0,0,faridpur sadar,faridpur,faidpur sadar,194813,214,22751,19,23363,4800,3380,46188,14857,35589,22657,24261,55112,33334,586
bhedarganj,0,0,0,saritpur,faridpur,madaripur,166789,172,5580,16,14777,,,122,17487,29407,18624,,45059,29470,262
bheramara,0,0,0,kushtia sadar,kushtia,kuslitia sadar,110809,104,3810,21,7738,79,43,90,9992,17666,7520,33641,26448,13333,1047
bhola,0,0,0,bhola,barisal,bhola,274784,271,14228,21,22528,1397,47,1239,32831,47930,22565,32838,61952,39918,704
bholahat,0,0,0,nawabganj,rajshahi,nawabganj,54534,120,700,16,4536,916,2,,4950,8814,4141,642,16159,8709,70
bhuapur,0,0,0,tangail,tangail,tangail,135851,171,5549,19,12603,1222,8,233,13684,22942,16585,3615,36154,26754,535
bhurungamari,0,0,0,kurigram,rangpur,kurigram,149454,229,2869,14,16221,7760,18,312,24592,27021,17465,14551,38432,35959,42
birampur,0,0,0,dinajpur,dinajpur,,103396,212,7427,23,9257,1926,13,249,14849,19151,12042,,28789,18845,203
birganj,0,0,0,dinajpur,dinajpur,,179885,408,54502,19,15840,2200,58,539,28434,32181,20770,6045,46137,42999,379
birol,0,0,0,dinajpur,dinajpur,dinajpur sadar,166485,347,45143,21,18520,1217,26,575,23497,28061,16714,6996,41938,35072,320
bishwamvarpur,0,0,0,sunamganj,sylhet,,75972,167,11920,14,5473,648,,,10587,12352,7687,1824,19877,17181,42
biswanath,0,0,0,sylhet sadar,sylhet,sylhet sadar,146043,206,7717,20,15423,720,21,89,9936,22071,12546,9126,36980,21470,265
boalia,0,0,0,rajshahi sadar,rajshahi,rajslaahi sadar,141909,61,13748,52,11058,903,90,26,4718,20879,5696,,26699,627,2068
boalmari,0,0,0,faridpur sadar,faridpur,faidpur sadar,275625,445,50195,22,29892,4084,42,362,33461,47601,31911,8302,74565,53003,869
bochaganj,0,0,0,dinajpur,dinajpur,dinajpur sadar,101429,223,39408,25,11130,713,35,425,14748,18077,10982,12788,27327,18155,427
boda,0,0,0,panchagarh,dinajpur,thakurgaon,181185,375,42280,19,18285,289,45,636,30848,33444,21065,11988,45787,41581,791
bogra,0,0,0,bogra sadar,bogra,bogra sadar,439633,423,27248,34,41005,6800,182,776,27460,74599,39644,68749,104226,55322,7544
brahmanpara,0,0,0,comilla sadar (south),comilla,,125975,134,4991,25,6616,3000,5,275,12015,20716,17194,1655,31079,22444,436
burhanuddin,0,0,0,bhola,barisal,bhola,202620,214,21425,19,15550,1275,34,528,26335,35867,21900,25306,50685,35814,446
burichang,0,0,0,comilla sadar (south),comilla,comilla sadar south,192087,157,8909,25,19735,3448,34,311,18136,30668,24768,5909,47675,34427,924
caffaroaon,0,0,0,mymensinch sadar south,mymensinch,myrnensingh sadar south,328705,382,6958,21,34240,3500,24,1521,35191,55305,42988,20363,51042,66203,577
campaniganj,0,0,0,sylhet sadar,sylhet,sylhet sadar,53293,285,3385,90,3375,186,,27,7076,8380,4959,4863,13727,12743,78
chakoria,0,0,0,cox's bazar,chittagong,cox's bazar,307421,565,15769,15,30363,1162,60,100,41616,25586,9198,3689,69501,50268,981
chandina,0,0,0,comilla sadar (north),comilla,comilla sadar north,214222,202,21432,19,21705,810,26,584,24988,37931,29755,8753,55949,39769,607
chandpur,0,0,0,chandpur,comilla,cbandpur,336867,312,27958,33,24851,3809,16,460,17470,57235,30927,85656,74942,32868,8350
chandraghona,0,0,0,kaptai,chittagong ht,rangamati,45881,271,2768,39,4434,94,22,64,5285,9170,2049,40372,7712,3159,3989
char bhadrasan,0,0,0,faridpur sadar,faridpur,faidpur sadar,64348,151,9991,17,8026,,,129,7603,10563,8134,,17578,13566,192
char rajibpur,0,0,0,kurigram,rangpur,kurigram,54162,140,168,12,3668,728,,161,7539,8826,6214,7840,15032,11926,47
charfesson,0,0,0,bhola,barisal,,252680,391,14393,17,12762,1568,11,457,37396,45399,24701,25335,58960,44328,410
charghat,0,0,0,rajshahi sadar,rajshahi,rajslaahi sadar,133894,309,8209,18,17132,1950,127,491,13083,21762,12409,7163,33033,18710,533
chatkhil,0,0,0,noakhali sadar,noakhali,,180802,135,7510,40,20830,1430,129,555,7941,32120,23676,8667,48923,17967,1382
chatomohar,0,0,0,pabna sadar,pabna,pabna,207546,364,15084,17,22136,4426,2092,121,23129,31847,21072,12154,53248,43726,620
chiiagalnaiya,0,0,0,feni,noakhali,feni,137392,126,4260,30,14202,2100,40,325,9539,23755,15858,11342,37831,19099,835
chilmari,0,0,0,kurigram,rangpur,kurigram,89102,190,6300,17,11328,992,2,291,13647,16384,10314,28369,25190,20885,120
chirirbandar,0,0,0,dinajpur,dinajpur,dinajpur sadar,184639,302,44790,21,17451,2026,53,254,27618,33894,19577,4977,49600,36529,490
chitalmari,0,0,0,bagerhat,khulna,bagerhat,73211,133,39006,27,,,,,9295,13077,10647,,19765,15343,89
chowgacha,0,0,0,jessore sadar,jessore,,141290,268,14085,20,11196,445,31,257,16138,22000,16111,4153,36636,28296,551
chowhali,0,0,0,serajganj,pabna,serajganj,106046,198,2845,19,16075,3654,,48,9000,17733,11540,7764,29385,17065,2995
chuadanga,0,0,0,chuadanga,kushtia,chuadanga,181617,279,7685,20,14982,41,31,53,19610,27991,14897,76000,43803,29217,828
chunarughat,0,0,0,hobiganj,sylhet,habiganj,202267,415,44669,18,13156,1430,37,121,24928,34044,18422,4445,47283,38498,8769
companiganj,0,0,0,noakhali sadar,noakhali,noakhali sadar,136879,222,12171,24,14311,10416,3,1583,10144,23470,16026,71581,38857,17509,1721
cox's bazar,0,0,0,cox's bazar,chittagong,cox's bazar,178602,193,15605,18,16534,688,24,161,21139,11868,6505,27576,37786,18364,985
cthhatak,0,0,0,sunamganj,sylhet,sunamganj,219583,438,15348,17,7870,1285,50,161,21623,34031,19411,15004,54096,39200,
dacope,0,0,0,khulna,khulna,khulna,110417,982,74506,29,8377,150,10,52,17207,18338,11599,12631,29198,21152,230
daganbhuiyan,0,0,0,feni,noakhali,,160722,197,13068,27,18212,1465,225,386,14960,28366,21027,3307,43188,19614,1583
damodya,0,0,0,saritpur,faridpur,,91287,91,3258,20,7000,2621,,185,7903,18010,11174,,25821,14768,436
damurhuda,0,0,0,chuadanga,kushtia,chuadanga,172057,300,3783,16,15341,1217,35,249,20229,25868,16973,19624,43112,33628,1431
dashmina,0,0,0,patuakhali,patuakhali,patuakhali,95554,197,6930,23,9642,1411,2,557,11560,16811,12609,12137,31674,13550,71
daudkandi,0,0,0,comilla sadar (north),comilla,comilla sadar north,414860,353,32234,20,34867,1404,24,568,15424,68238,53720,7229,109687,69829,2116
daulatkhan,0,0,0,bhola,barisal,bhola,139439,229,7872,21,13182,926,21,229,16564,24689,13864,7032,31164,22024,348
daulatpur,0,0,0,manikganj,dhaka,manikcganj,138740,207,12844,14,11881,,,72,14127,24700,17290,3927,40019,29689,288
daulatpur,0,0,0,khulna,khulna,khulna,412644,111,15406,39,13595,951,106,68,46587,72661,15519,,81421,13175,53671
daulatpur,0,0,0,kushtia sadar,kushtia,kuslitia sadar,290163,434,2428,14,23900,400,177,153,33259,47491,27094,4459,73433,50546,459
debhata,0,0,0,satkhira,khulna,satkhira,77503,169,21252,23,6918,1050,39,109,11584,12976,7471,1481,19977,13632,98
debidwar,0,0,0,comilla sadar (north),comilla,comilla sadar north,275343,280,20654,24,27979,1288,29,307,25427,46417,38173,6700,69637,47761,981
debiganj,0,0,0,panchagarh,dinajpur,thakurgaon,136831,257,42621,18,1035,155,3,632,24056,25820,15077,5865,34871,32904,99
delduar,0,0,0,tangail,tangail,tangail,142983,197,19541,23,,,,,8233,23047,14902,5068,38096,21619,1326
derai,0,0,0,sunamganj,sylhet,sunamganj,161317,382,52478,17,11740,750,,40,17908,26534,14687,12351,41570,37922,74
dewanganj,0,0,0,jamalpur,jamalpur,jamalpur,246987,404,4689,12,19129,1503,11,182,36212,44933,24510,92,63431,48597,1199
dhaka(sma),0,0,0,,dhaka,,,397,,,313634,,463,12231,,,,,,,
dhamoirhat,0,0,0,naogaon,rajshahi,naogaon,124765,301,10521,31,21334,505,10,153,17967,22270,14240,3086,33054,30842,130
dharampasha,0,0,0,sunamganj,sylhet,sunamganj,84597,221,10949,14,4010,815,2,64,12022,15323,8614,3732,21219,20507,46
dhobaura,0,0,0,mymensinch sadar north,mymensinch,,131313,270,8520,14,7561,400,,266,21223,24383,16381,1875,32881,29120,24
dhunat,0,0,0,bogra sadar,bogra,bogra sadar,206455,242,10679,14,6726,285,8,56,18066,36811,24754,10660,54356,50703,136
dighinala,0,0,0,khagrachhari,chittagong ht,ramgarh,47872,580,4666,20,4283,500,,66,7714,7942,4980,6326,11548,9202,8
dimla,0,0,0,nilphamari,rangpur,nilphamari,160207,309,25392,16,6900,2080,39,259,27761,30308,19420,6273,42113,37218,270
dohar,0,0,0,dhaka sadar,dhaka,dacca muuicipaiity,145007,137,8625,25,13088,,3,196,7938,24931,11750,8437,40403,12949,2415
domar,0,0,0,nilphamari,rangpur,nilphamari,152388,250,33531,23,12673,880,8,554,24598,27320,16471,19253,40389,36404,35
dowarabazar,0,0,0,sunamganj,sylhet,sunamganj,131397,256,8870,12,5615,289,,31,17925,21432,13358,3640,32168,27551,63
dubchachia,0,0,0,bogra sadar,bogra,bogra sadar,117778,161,11518,24,12109,3447,35,246,10617,20873,15496,5606,33014,22677,527
dumuria,0,0,0,khulna,khulna,khulna,224575,436,104375,25,21364,4078,95,483,27796,36155,26017,11077,57096,42746,611
durgapur,0,0,0,netrokona,mymensinch,netrakona,135274,263,12168,176,8939,442,1287,248,20783,23894,16022,964,32135,27053,169
durgapur,0,0,0,rajshahi sadar,rajshahi,rajslaahi sadar,111427,194,3907,14,8749,1165,18,225,10945,18903,14439,2780,30162,26568,151
fakirhat,0,0,0,bagerhat,khulna,bagerhat,100782,156,35662,38,9009,1314,63,338,13031,17463,11834,17624,26050,14962,474
faridganj,0,0,0,chandpur,comilla,cbandpur,311733,223,19003,32,35931,5249,19,161,13348,54561,43433,3684,82873,47903,1081
faridpur,0,0,0,pabna sadar,pabna,pabna,126504,207,12758,21,14578,3031,,217,9860,17936,12315,15426,31525,23977,597
fatikchhari,0,0,0,ctg sadar north,chittagong,chittagong sadar north,323941,753,39957,24,13000,800,68,586,38167,53351,27942,26239,99714,32019,5627
fatulla,0,0,0,narayanganj,dhaka,narayanganj,132809,41,8529,29,19095,,35,76,3621,22723,6337,52689,28289,4977,7572
fenchuganj,0,0,0,sylhet sadar,sylhet,sylhet sadar,63913,108,7699,30,6500,550,10,140,5430,10291,4507,7779,14071,7122,2775
feni,0,0,0,feni,noakhali,feni,272995,214,23012,30,22282,1935,63,957,17344,44580,28749,28249,68735,24172,4431
fulbari,0,0,0,kurigram,rangpur,kurigram,103577,151,13297,16,8883,2236,18,1085,16485,18954,12077,,26834,22730,20
fulbarla,0,0,0,mymensinch sadar south,mymensinch,myrnensingh sadar south,329739,482,15504,15,26762,2200,2092,1513,39898,59240,44802,22023,80620,65871,740
fulchhari,0,0,0,gaibandha,rangpur,gaibandlia,116182,242,5561,12,10133,500,10,402,162775,19981,13959,9421,31838,27774,317
fulgazi,0,0,0,feni,noakhali,,97684,122,9579,30,10878,300,145,370,8912,17085,12022,2915,24947,15507,342
gabtali,0,0,0,bogra sadar,bogra,bogra sadar,221858,239,17162,20,17556,1400,26,340,16117,42102,28738,2187,57663,49243,481
gaibandha,0,0,0,gaibandha,rangpur,gaibandlia,287417,274,25538,22,30031,2182,34,523,37843,51867,30168,39561,68958,48432,1233
galachipa,0,0,0,patuakhali,patuakhali,patuakhali,268076,717,22573,26,29241,2000,34,56,34015,43341,30874,13535,72702,46799,517
gangachara,0,0,0,rangpur sadar,rangpur,rangpur sadar,149429,202,20138,15,15572,807,21,346,20563,27927,18682,6833,38821,35943,912
gangni,0,0,0,meherpur,kushtia,meherpur,186498,324,2272,13,15222,600,132,278,21823,30096,18568,9568,47388,36774,98
ghatail,0,0,0,tangail,tangail,tangail,264389,429,15626,19,33747,2947,26,684,27334,47053,36791,4162,69020,57230,415
ghior,0,0,0,manikganj,dhaka,manikcganj,109511,140,22000,23,14651,,19,196,7944,19160,12824,3067,31016,20337,584
ghoraghat,0,0,0,dinajpur,dinajpur,dinajpur sadar,68361,147,5153,21,6329,2248,8,304,9700,12735,7769,6256,18456,13929,103
goalandaghat,0,0,0,gopalpur,faridpur,goalaada,77385,94,6274,15,6222,310,2897,338,7558,12710,7195,,21394,11022,247
gobindaganj,0,0,0,gaibandha,rangpur,gaibandlia,321550,478,22969,18,31510,8200,55,1127,41064,59429,39045,9031,86268,72184,1202
godagari,0,0,0,rajshahi sadar,rajshahi,rajslaahi sadar,172620,465,12719,20,16924,,35,805,22387,29856,14914,6817,45376,28286,191
golapganj,0,0,0,sylhet sadar,sylhet,sylhet sadar,190963,261,9890,24,21190,23050,37,277,18585,29720,14329,6593,47892,22511,606
gomastapur,0,0,0,nawabganj,rajshahi,nawabganj,153833,347,12248,17,18217,884,3,48,17478,25367,10660,7185,47513,22964,716
gopalganj,0,0,0,gopalganj,faridpur,gopalganj,273986,368,108730,31,27040,4200,,,21517,44949,32748,18238,67991,45135,1142
gopalpur,0,0,0,tangail,tangail,tangail,205025,205,9402,19,20331,1536,27,224,18117,35222,25113,31725,55229,39653,585
gournadi,0,0,0,barisal sadar(north),barisal,barisal sadar north,300359,300,99010,34,32927,11939,52,282,24809,55615,43899,26658,82165,51240,2241
gowainghat,0,0,0,sylhet sadar,sylhet,sylhet sadar,160893,546,15012,11,4600,2500,44,167,23147,26683,16618,1314,41851,33675,1734
gurudaspur,0,0,0,natore,rajshahi,natore,135899,197,9828,17,10498,2200,15,64,12034,21170,13955,,32011,29513,377
habiganj,0,0,0,hobiganj,sylhet,habiganj,178713,237,24789,24,14524,550,121,322,19830,31178,18600,23677,45925,27275,446
"haimchar,",0,0,0,chandpur,comilla,,94033,103,6836,21,7932,1313,,22,9505,18093,12101,453,25524,18192,671
hajigan-j,0,0,0,chandpur,comilla,cbandpur,221176,188,19650,30,20830,2858,29,450,9928,39408,30057,20843,56507,25366,2087
hakimpur,0,0,0,dinajpur,dinajpur,dinajpur sadar,54502,100,3044,25,5040,1035,18,179,8155,10609,6243,4855,14790,9219,61
haluachat,0,0,0,mymensinch sadar north,mymensinch,mymensiogh sadar north,167070,301,6975,16,7800,800,19,241,25757,30872,19543,6793,40304,33771,323
harinakunda,0,0,0,jhenaidah,jessore,jhenaidah,126903,221,12759,15,8010,225,39,2280,11465,19705,13168,11985,32152,25034,139
haripur,0,0,0,thakurgaon,dinajpur,thakurgaon,78507,217,8085,15,5218,950,2,599,12940,14192,9070,3210,21941,15027,38
harirampur,0,0,0,manikganj,dhaka,manikcganj,162373,211,27831,22,19800,,10,11,10917,29191,17484,11567,46782,26445,852
hathazari,1,1,0,ctg sadar north,chittagong,chittagong sadar north,290044,246,27789,37,31059,2894,68,362,22799,43841,20272,,75937,17486,9022
hatibandha,0,0,0,lalmonirhat,rangpur,rangpur sadar,140582,278,22840,17,11155,175,16,499,22065,25042,16733,13740,35572,33634,498
hatiya,0,0,0,noakhali sadar,noakhali,noakhali sadar,234869,582,31189,17,3665,25275,11,922,32339,39069,20752,13775,48662,19111,2116
hizla,0,0,0,barisal sadar(north),barisal,barisal sadar north,155025,226,5990,25,9000,1000,5,241,18264,27754,17783,7917,37735,39487,444
homna,0,0,0,comilla sadar (north),comilla,comilla sadar north,199103,152,14065,15,10300,252,1,285,5998,34868,23666,4447,50119,30031,1341
hossainpur,0,0,0,kishoreganj,mymensinch,kishoreganj,131234,119,1676,15,5526,3052,11,122,16459,24130,17339,11983,34038,29250,179
iakhai,0,0,0,hobiganj,sylhet,habiganj,90309,181,16416,14,7715,300,,40,10703,16315,10533,4501,25908,17502,105
indurkani,0,0,0,perojpur,barisal,,81951,87,9254,37,6223,1750,18,121,10349,14038,7663,4412,22757,11271,314
ishaurdi,0,0,0,pabna sadar,pabna,pabna,204845,244,8566,24,17043,2050,5633,724,15914,32034,12652,72123,44366,19526,4002
islampur,0,0,0,jamalpur,jamalpur,jamalpur,221114,340,3666,12,13249,1077,2,851,30663,40760,24444,48214,57370,47457,588
iswarcanj,0,0,0,mymensinch sadar north,mymensinch,mymensiogh sadar north,274694,275,11979,16,16053,2250,2414,547,35309,49724,35573,16820,71970,55097,161
itna,0,0,0,kishoreganj,mymensinch,kishoreganj,154088,459,30799,12,7150,1300,,161,14907,24370,15468,15032,39180,39299,72
jannathpur,0,0,0,sunamganj,sylhet,sunamganj,163450,359,18492,19,18407,12677,5,68,12565,23796,12465,2499,41470,31277,135
jaintiapur,0,0,0,sylhet sadar,sylhet,sylhet sadar,55614,199,5973,15,4891,235,26,40,7821,9197,5676,4022,15630,11056,1126
jaldhaka,0,0,0,nilphamari,rangpur,nilphamari,199226,313,51480,13,29900,4050,32,483,33417,38199,24921,4085,52578,46501,143
jamalganj,0,0,0,sunamganj,sylhet,sunamganj,94641,273,21211,16,5809,884,,68,10450,14385,9002,13393,23673,22593,123
jamalpur,0,0,0,jamalpur,jamalpur,jamalpur,4240891,449,10458,20,29751,1972,54,95,47625,73781,45546,16881,107565,73301,1234
jhalakathi,0,0,0,jhalokati,barisal,,179326,194,44529,43,26851,610,48,531,14624,30392,19530,32539,46274,19719,2683
jhenaidah,0,0,0,jhenaidah,jessore,jhenaidah,272514,465,45831,22,28975,8035,47,922,26571,41874,27917,47953,66629,46669,1325
jhenaigati,0,0,0,sherpur,jamalpur,jamalpur,113410,210,5427,12,8344,,21,201,18768,22598,14149,4931,28918,22482,42
jhikargacha,0,0,0,jessore sadar,jessore,jessore sadar,190060,298,13054,21,15540,460,58,687,20398,29933,19681,19405,47348,34519,1554
jibannagar,0,0,0,chuadanga,kushtia,chuadanga,97972,196,3730,16,9040,350,34,140,13143,15387,9284,12330,24569,19707,323
joypurhat,0,0,0,joypurhat,bogra,bogra sadar,194040,238,27273,25,13353,7400,111,264,23518,34594,23211,37122,50832,36622,2561
juraichhari,0,0,0,rangamati,chittagong ht,,107791,605,101,15,1138,,,74,1739,1764,1231,2160,2579,3340,56
kachua,0,0,0,chandpur,comilla,cbandpur,240396,235,22056,24,18209,,16,113,20182,41908,34718,9314,65705,39250,460
kachua,0,0,0,bagerhat,khulna,bagerhat,77623,111,22583,39,14702,582,34,220,11058,13986,9780,7346,22394,12888,105
kahaloo,0,0,0,bogra sadar,bogra,bogra sadar,141298,238,9906,24,12606,1300,24,903,15234,26138,18047,3143,38773,21044,513
kaharole,0,0,0,dinajpur,dinajpur,dinajpur sadar,93423,217,44268,17,7925,2222,16,566,14708,16850,10840,1140,24973,23299,206
kalai,0,0,0,joypurhat,bogra,bogra sadar,94129,,4647,18,,,,,10881,17604,11956,2675,25900,18479,58
kalapara,0,0,0,patuakhali,patuakhali,patuakhali,124362,322,8615,30,15189,1701,16,338,17652,20103,12585,15421,30691,16974,471
kalaroa,0,0,0,satkhira,khulna,satkhira,150835,230,10972,22,11655,3600,97,381,12203,24426,15876,8424,40116,31386,489
kalia,0,0,0,narail,jessore,narail,191664,300,53923,23,14699,676,14,251,18557,32263,20762,22046,49659,32543,1948
kaliajuri,0,0,0,netrokona,mymensinch,netrakona,68688,282,28354,15,11000,100,,56,6898,10403,6560,3903,16777,18300,30
kaliganj,0,0,0,gazipur,dhaka,dacca sadar north,169028,188,23855,27,15163,,6,243,13428,29143,22700,10186,42153,26413,7624
kaliganj,0,0,0,jhenaidah,jessore,jhenaidah,178508,304,39244,22,15609,700,39,251,17926,27313,18536,17934,44256,32058,1440
kaliganj,0,0,0,satkhira,khulna,satkhira,202316,321,49668,27,15134,3982,66,217,33131,34860,20237,10398,54437,31970,307
kaliganj,0,0,0,lalmonirhat,rangpur,rangpur sadar,157067,225,36842,18,9503,1680,10,1054,25279,29103,19462,11571,42620,35737,110
kalihati,0,0,0,tangail,tangail,tangail,286192,290,31786,19,57445,610,2,462,18353,48649,32459,8133,75982,48842,8768
kalkini,0,0,0,madaripur,faridpur,madaripur,230210,258,38780,21,21700,6760,56,171,20939,40505,29874,4221,67665,41473,329
kalmakanda,0,0,0,netrokona,mymensinch,netrakona,171077,407,24562,16,13283,1446,483,129,26534,30493,20102,2019,43624,40728,65
kamalganj,0,0,0,moulvieazar,sylhet,moulvibazar,168581,722,64732,22,27277,256,11,129,22223,28055,14051,16230,39207,30638,9851
kamarkandi,0,0,0,serajganj,pabna,serajganj,85557,90,6250,19,8557,488,2092,84,5798,14575,9835,6159,21899,14472,2308
kanaighat,0,0,0,sylhet sadar,sylhet,sylhet sadar,143003,394,6569,14,8384,2460,24,169,17612,23467,14547,2742,41865,25994,169
kapasia,0,0,0,gazipur,dhaka,dacca sadar north,250998,344,15990,25,35040,,5,497,23755,42732,37640,3416,65148,54663,491
karimganj,0,0,0,kishoreganj,mymensinch,kishoreganj,199729,187,2627,14,7700,500,14,50,29555,39920,23846,12589,50866,41199,289
kasba,0,0,0,brahmanbaria,comilla,brahmanbaria,187921,201,12087,23,13641,645,50,219,18332,31724,22781,3085,44874,32895,469
kasiani,0,0,0,gopalganj,faridpur,gopalganj,203648,299,70786,29,23333,1055,3379,127,18660,33591,25450,2412,51021,39461,1368
kathalia,0,0,0,jhalokati,barisal,,104705,145,19439,46,14141,750,10,666,11061,20466,14448,6509,29466,16905,247
katladi,0,0,0,kishoreganj,mymensinch,kishoreganj,213480,220,10629,15,11591,1976,3541,333,29279,46120,30737,4849,57999,45491,598
kaunia,0,0,0,rangpur sadar,rangpur,rangpur sadar,136521,144,11967,17,11832,1866,23,145,16363,23781,12699,8061,30598,22174,8313
kawkhali (betbunia),0,0,0,rangamati,chittagong ht,,26103,301,499,15,2532,336,18,99,4496,4732,2585,4023,7269,4946,401
kazipur,0,0,0,serajganj,pabna,serajganj,213885,294,8035,15,26505,970,3379,32,18831,36999,29232,10051,56882,46373,655
kendua,0,0,0,netrokona,mymensinch,netrakona,233109,325,11270,15,14962,2077,31,431,31586,44736,31400,3906,59139,53697,189
keshabpur,0,0,0,jessore sadar,jessore,jessore sadar,171499,255,39440,23,14363,1075,74,175,19684,30630,23459,15993,45849,36780,281
khagrachhari,0,0,0,khagrachhari,chittagong ht,,46238,338,12927,21,3700,197,,64,6644,7001,3659,20855,9108,7942,62
khansama,0,0,0,dinajpur,dinajpur,dinajpur sadar,99794,176,30395,18,8894,804,8,663,15796,18093,11245,4976,28225,20578,81
khetlal,0,0,0,joypurhat,bogra,bogra sadar,76532,309,7561,19,9150,2006,56,77,8583,14127,10048,7329,22511,14836,101
khoksa,0,0,0,kushtia sadar,kushtia,kuslitia sadar,81879,93,17150,19,7070,641,14,64,7189,13172,6544,6562,20620,12051,240
khulna  [sma],0,0,0,,khulna,,,,,,,,,,,,,652000,,,
kishoreganj,0,0,0,kishoreganj,mymensinch,kishoreganj,240411,179,16789,23,14532,1427,9817,113,28202,42363,22527,52802,59495,33592,1409
kishoreganj,0,0,0,nilphamari,rangpur,nilphamari,201880,261,32245,14,13692,1276,21,956,30744,39146,26573,3914,52908,49647,225
kotchandpur,0,0,0,jhenaidah,jessore,jhenaidah,92311,164,13301,20,6760,545,14,933,10504,14186,9407,20594,23085,15828,314
kotwali,0,0,0,mymensinch sadar south,mymensinch,myrnensingh sadar south,446529,355,34507,29,27737,4500,23335,20590,41471,77263,35594,190911,96098,43667,6704
kotwali,0,0,0,sylhet sadar,sylhet,sylhet sadar,442829,528,41637,31,43805,1500,124,563,28467,63661,22744,168371,94985,44392,10314
kotwali,0,0,0,barisal sadar(south),barisal,barisal  sadar south,340841,264,31030,48,36720,1482,143,587,23630,52222,26458,172905,73798,23138,5162
kotwali,0,0,0,comilla sadar (south),comilla,comilla sadar south,415885,289,29425,34,33720,3005,137,298,34885,63782,35760,184132,90972,41344,5664
kotwali,0,0,0,dinajpur,dinajpur,dinajpur sadar,282008,356,49262,34,33797,2725,126,671,27685,47822,20171,96718,63293,35192,2886
kotwali,0,0,0,jessore sadar,jessore,jessore sadar,414728,441,48300,34,34999,2025,114,542,36963,63248,30636,148927,94066,45346,6581
kotwali,0,0,0,rangpur sadar,rangpur,rangpur sadar,384711,320,41877,29,29505,8248,124,515,41742,65775,30004,153174,84949,50302,4551
kotwali para,0,0,0,gopalganj,faridpur,,179845,392,102132,27,19214,767,3,142,17601,30800,26385,5893,45915,37032,214
kowkhali,0,0,0,perojpur,barisal,perojpur,67674,75,15341,47,12229,650,13,402,6898,12082,7149,5277,19191,6854,226
koyra,0,0,0,khulna,khulna,,125090,1246,35971,25,3000,650,2,137,18502,19460,13363,6263,34416,19781,111
kulaura,0,0,0,moulvieazar,sylhet,moulvibazar,293455,723,79166,22,11326,600,15,402,41178,50389,27967,9324,67618,49951,13976
kuliarchar,0,0,0,kishoreganj,mymensinch,kishoreganj,113567,101,9417,16,7977,630,1448,50,11976,21391,14346,12166,31658,22251,208
kumarkhali,0,0,0,kushtia sadar,kushtia,kuslitia sadar,231662,224,18701,18,16115,1511,68,269,18572,35682,17413,13828,57071,31083,2332
kurigram,0,0,0,kurigram,rangpur,kurigram,175945,230,15431,18,14429,935,27,1931,25369,30124,18284,47641,45378,34312,1553
kushtia,0,0,0,kushtia sadar,kushtia,kuslitia sadar,306827,293,21751,23,22702,608,74,463,20865,47179,20988,74892,74287,38832,4081
kutubdia,0,0,0,cox's bazar,chittagong,cox's bazar,72527,78,6381,15,6697,3100,4184,35,10091,23321,8578,,18427,9916,141
laksham,0,0,0,comilla sadar (south),comilla,comilla sadar south,525068,547,23896,25,50855,2008,42,483,52147,90152,66456,29075,136296,73772,6197
lalmohan,0,0,0,bhola,barisal,bhola,195387,280,19053,18,16013,1460,26,274,27585,33998,19701,23456,47264,33700,546
lalmonirhat,0,0,0,lalmonirhat,rangpur,,192532,227,33060,19,17989,6760,81,330,24892,32773,21355,36439,48898,37895,778
lalpur,0,0,0,natore,rajshahi,natore,175862,284,20977,19,13116,1133,24,151,20058,28484,15896,6861,42092,30035,2530
lama,0,0,0,lama,bandarban,bandarban,18298,261,1603,15,2425,274,13,38,9929,10033,6046,9241,12727,11156,1191
langadu,0,0,0,rangamati,chittagong ht,rangamati,38095,387,745,18,2267,,,48,7166,7242,5406,9002,10036,8220,60
lohacara,0,0,0,chittagong sadar (patiya),chittagong,,164705,256,18076,21,,2880,24,32,22084,27926,18433,,42255,20936,1130
lohajang,0,0,0,munshiganj,dhaka,munshiganj,148738,103,13667,31,14700,,161,39,4549,24663,13354,3344,35918,12403,660
madan,0,0,0,netrokona,mymensinch,netrakona,103826,224,8466,13,6759,904,,209,13547,19043,11359,7350,26045,25778,62
madarganj,0,0,0,jamalpur,jamalpur,jamalpur,169607,209,3311,11,12679,559,3,608,22559,30666,19700,13261,44408,36964,232
madaripur,0,0,0,madaripur,faridpur,madaripur,268394,249,26277,23,23343,1192,153,296,24507,49108,31114,63917,72924,39721,3129
madhabpur,0,0,0,hobiganj,sylhet,habiganj,194710,299,46087,18,13491,369,32,254,27118,34909,22448,771,51459,37834,4025
madhayanagar,0,0,0,sunamganj,sylhet,sunamganj,61779,220,21649,15,4852,275,,16,8187,10180,6434,2938,15713,15578,16
magura,0,0,0,magura,jessore,magura,234617,387,61678,24,18040,3188,90,3055,22286,36020,23299,28007,60957,39227,1061
mahalchhari,0,0,0,khagrachhari,chittagong ht,ramgarh,22416,245,2477,20,2100,,,74,3714,3806,2287,4072,5813,4724,4
maheshkhali,0,0,0,cox's bazar,chittagong,cox's bazar,152644,269,11954,10,8889,2130,14,180,18527,47904,22043,1126,34529,20655,191
manda,0,0,0,naogaon,rajshahi,naogaon,248891,407,28717,18,18761,305,43,306,23980,44528,31195,4796,62643,54134,519
manikchhari,0,0,0,ramgarh,chittagong ht,,25686,324,1696,10,1507,,19,142,4758,4782,2769,8807,7731,5301,4
manikganj,0,0,0,manikganj,dhaka,manikcganj,194104,177,3,23,14328,,6920,61,9238,33953,21416,37132,53906,31829,880
manirampur,0,0,0,jessore sadar,jessore,jessore sadar,277633,442,67831,22,29495,1662,43,278,33263,44336,33795,9884,71492,58018,561
mathbaria,0,0,0,perojpur,barisal,perojpur,221476,290,32605,45,9650,1560,26,209,17059,38554,24153,16304,61081,40462,422
matiranga,0,0,0,ramgarh,chittagong ht,,56094,495,15292,14,4576,300,26,200,9553,9629,5780,2256,14727,14104,425
matlab.,0,0,0,chandpur,comilla,cbandpur,436173,342,44483,26,46805,1130,10,304,15206,72614,56834,8736,111054,59781,3867
mehendiganj,0,0,0,barisal sadar(north),barisal,barisal sadar north,241104,330,14336,26,26658,3220,8,937,25794,43462,29277,23918,63664,38612,596
meherpur,0,0,0,meherpur,kushtia,meherpur,215229,365,4297,16,12167,623,140,203,24640,33736,21747,23573,55084,43706,346
melandah,0,0,0,jamalpur,jamalpur,jamalpur,206917,241,3482,13,14340,709,2,811,27811,38471,23080,5084,54106,47479,261
mijnshiganj,0,0,0,munshiganj,dhaka,munshiganj,245443,147,19767,25,15512,,23,98,7914,40508,21288,37060,53003,30695,3023
mirpur,0,0,0,kushtia sadar,kushtia,kuslitia sadar,214795,304,6814,15,12745,1196,84,336,19673,31582,18337,11904,53393,39703,1388
mirsharai,0,0,0,ctg sadar north,chittagong,chittagong sadar north,307016,418,46025,28,31480,678,80,1915,29967,51711,32466,983,90085,41602,2890
mirzaganj,0,0,0,patuakhali,patuakhali,patuakhali,109483,146,9959,33,13500,1500,21,97,11159,19522,15383,15630,30186,18067,625
mithapukur,0,0,0,rangpur sadar,rangpur,rangpur sadar,328680,512,26400,18,20000,3000,19,1127,45191,61348,37089,7579,81786,67894,546
mohadebpur,0,0,0,naogaon,rajshahi,naogaon,198572,393,41173,23,16951,619,27,1609,23685,37059,24609,4814,53015,45462,255
mohammadpur,0,0,0,magura,jessore,magura,143703,218,26551,22,13703,1338,14,1492,16638,23511,16806,3456,38799,27776,314
mohancanj,0,0,0,netrokona,mymensinch,netrakona,107934,241,21430,19,6919,594,483,220,15384,20595,12395,12148,27697,23377,174
mohanpur,0,0,0,rajshahi sadar,rajshahi,rajslaahi sadar,100540,163,3130,18,8324,470,19,140,7498,17956,13044,2062,26713,22251,115
moheshpur,0,0,0,jhenaidah,jessore,jhenaidah,189554,406,10331,16,13664,1320,21,145,24328,29160,19197,8428,48404,39723,435
mollahat,0,0,0,bagerhat,khulna,bagerhat,144581,178,42774,24,15240,200,23,735,16097,25411,18886,8444,39437,30046,567
monpura,0,0,0,bhola,barisal,,33687,230,4517,14,2446,202,3,56,4915,5760,3073,2757,2113,9935,7
morrelganj,0,0,0,bagerhat,khulna,bagerhat,272112,423,44536,38,22098,5120,26,124,39135,48114,28389,17992,76070,32692,775
moulavibazar,0,0,0,moulvieazar,sylhet,moulvibazar,204103,337,37763,27,25350,780,63,26,19093,32522,17856,16509,49216,36264,1670
muksudpur,0,0,0,gopalganj,faridpur,gopalganj,246128,309,86065,24,23835,1205,21,6115,21000,43138,31463,3894,69027,45706,783
muktagachha,0,0,0,mymensinch sadar south,mymensinch,myrnensingh sadar south,256906,298,16062,16,17880,2541,6115,515,32377,47762,30781,16292,63995,44259,819
muladi,0,0,0,barisal sadar(north),barisal,barisal sadar north,150978,212,4069,26,11536,1795,16,259,14825,27119,20114,13273,40480,26987,402
munohardi,0,0,0,narsingdi,dhaka,,245206,243,12382,19,27564,,14,346,21937,47332,41178,7337,68937,58952,376
murad nagar,0,0,0,comilla sadar (north),comilla,comilla sadar north,373859,338,42670,22,30696,1598,22,298,26374,63803,45853,14390,97419,60267,1790
nabiganj,0,0,0,hobiganj,sylhet,habiganj,216662,429,40037,19,19523,3412,23,225,24324,35933,19045,4471,56394,40352,242
nabinagar,0,0,0,brahmanbaria,comilla,brahmanbaria,355179,345,38444,19,31321,695,9,327,22865,60425,40544,16085,89347,64419,1331
nachole,0,0,0,nawabganj,rajshahi,nawabganj,74860,283,13787,18,6637,180,3,97,9730,12152,5932,4155,23464,11997,131
nagarkanda,0,0,0,faridpur sadar,faridpur,faidpur sadar,233194,377,29853,18,19935,1811,21,109,27021,43037,32047,6750,67104,49534,238
nagerpur,0,0,0,tangail,tangail,tangail,244346,308,24063,20,23600,2000,8,225,19222,41057,30396,8090,70179,47187,1498
nageswari,0,0,0,kurigram,rangpur,kurigram,235338,388,16928,15,16529,4145,2,483,36415,41063,27795,30531,,,
naichity,0,0,0,jhalokati,barisal,,179523,220,13602,38,31783,2928,5,848,14016,32258,23126,4638,46700,22034,1111
naikhongchhari,0,0,0,lama,bandarban,bandarban,27187,177,206,14,2489,202,,3520,4802,4874,2685,6340,6643,6258,5
nakhla,0,0,0,sherpur,jamalpur,jamalpur,135065,174,3300,17,10215,403,6,98,19219,25582,16891,8183,30783,25401,238
nalitabari,0,0,0,sherpur,jamalpur,jamalpur,169345,322,9191,15,10114,1287,13,97,26945,32980,19757,1726,41059,30944,265
nandail,0,0,0,mymensinch sadar north,mymensinch,mymensiogh sadar north,284841,323,8084,17,21764,1475,3701,645,35901,50742,37777,12197,75233,58924,248
nandigram,0,0,0,bogra sadar,bogra,bogra sadar,112428,266,16533,24,10500,2457,18,462,11040,18849,14483,2557,31519,24327,165
nannerchar,0,0,0,rangamati,chittagong ht,,24481,386,704,19,2845,400,,80,3846,3969,2729,3655,5523,4964,15
naogaon,0,0,0,naogaon,rajshahi,naogaon,260117,272,26897,26,24265,485,44,583,19780,45423,28017,52975,69549,43817,1288
narail,0,0,0,narail,jessore,narail,219903,376,90216,27,22288,4200,37,412,25486,35268,26650,31032,56212,39889,611
narla,0,0,0,saritpur,faridpur,madaripur,189529,216,12237,21,172260,300,,190,12070,36659,22446,6579,53929,24561,939
nasirnaga,0,0,0,brahmanbaria,comilla,brahmanbaria,194417,293,41321,13,14671,2200,1,113,23351,34340,24254,7950,54639,41926,94
natore,0,0,0,natore,rajshahi,natore,112460,399,31039,25,21514,1090,77,296,25302,43363,25959,31210,67902,49009,1072
nawabganj,0,0,0,dinajpur,dinajpur,dinajpur sadar,140319,315,11834,19,12682,763,26,201,20974,26910,17865,1988,39764,30324,122
nawabganj,0,0,0,nawabganj,rajshahi,nawabganj,315462,373,17004,20,28700,1800,90,531,21948,51426,22089,87724,88783,31357,1587
nazirpur,0,0,0,perojpur,barisal,perojpur,151493,218,67665,37,13702,1760,10,56,21066,27347,21022,2247,39168,28934,265
netrokona,0,0,0,netrokona,mymensinch,netrakona,203540,305,24908,23,14685,1318,483,431,26615,35525,22842,37455,47556,37218,474
niamatpur,0,0,0,naogaon,rajshahi,naogaon,152252,449,32839,21,13035,701,,98,20021,17192,16792,2234,44711,31784,183
nikli,0,0,0,kishoreganj,mymensinch,kishoreganj,139551,273,13596,11,5405,785,2,201,14820,24840,14819,10699,37376,34628,100
nilphamari,0,0,0,nilphamari,rangpur,nilphamari,242133,349,53938,18,18225,2610,58,523,36393,44229,25782,29558,59994,49243,1007
paba,0,0,0,rajshahi sadar,rajshahi,rajslaahi sadar,279871,354,,15,20029,1929,60,776,577,10685,587,,7203,233,1861
pabna,0,0,0,pabna sadar,pabna,pabna,347615,410,14823,23,28160,9300,12714,206,29843,54845,25879,109065,80935,41838,4588
paikgacha,0,0,0,khulna,khulna,khulna,175715,326,70729,24,12000,863,27,113,24622,29229,18743,,46572,28565,274
pakundla,0,0,0,kishoreganj,mymensinch,kishoreganj,173484,178,4655,22,19405,1510,2897,879,17483,31837,24710,6563,45153,39008,990
palash,0,0,0,narsingdi,dhaka,,126105,80,17112,32,,,113,40,7395,20557,13695,63462,29021,14180,12173
palashbari,0,0,0,gaibandha,rangpur,gaibandlia,172247,196,12813,19,14906,2058,35,106,21991,31539,21631,10691,40401,38951,493
palong,0,0,0,saritpur,faridpur,madaripur,145536,168,14176,17,13145,1825,6,978,13439,26336,17091,11876,41134,25974,523
panch bibi,0,0,0,joypurhat,bogra,bogra sadar,154214,278,20057,22,11848,2400,37,552,22790,28338,19130,9142,40565,34466,539
panchagarh,0,0,0,panchagarh,dinajpur,thakurgaon,105710,251,5511,21,10767,200,27,626,17806,19730,10966,13147,28669,21117,209
panchhari,0,0,0,khagrachhari,chittagong ht,,31969,283,4668,17,4356,1000,,32,5582,5701,2852,9608,7228,7038,34
pangsa,0,0,0,gopalpur,faridpur,goalaada,263825,441,38395,18,20671,2053,322,612,26265,41352,26081,10055,67571,52407,970
parbatipur,0,0,0,dinajpur,dinajpur,dinajpur sadar,236943,415,34864,23,23800,1707,34,312,35354,44227,23557,18979,60908,47570,1584
parshuram,0,0,0,feni,noakhali,feni,50495,73,2857,33,4415,385,,1577,5171,8230,5627,6277,13201,9702,176
patgram,0,0,0,lalmonirhat,rangpur,rangpur sadar,122530,253,8166,22,8863,656,,174,16353,19601,11477,6799,31922,28781,58
patharghata,0,0,0,barguna,patuakhali,patuakhali,117597,164,16053,39,12516,2853,11,293,16188,20255,13505,11993,39282,12501,213
patnitola,0,0,0,naogaon,rajshahi,naogaon,153670,377,27816,28,16397,557,39,314,19930,26829,16639,5640,40774,30334,375
patuakhali,0,0,0,patuakhali,patuakhali,patuakhali,266728,354,29252,33,35679,14280,77,705,24879,42886,29957,48121,71064,34586,1879
perojpur,0,0,0,perojpur,barisal,perojpur,111584,135,33348,44,8477,1757,58,303,11844,19211,10813,27531,29743,13324,821
phul bari,0,0,0,dinajpur,dinajpur,dinajpur sadar,92831,193,13451,25,12020,1331,29,328,12359,16376,9190,18965,23797,16498,95
phulpur,0,0,0,mymensinch sadar north,mymensinch,mymensiogh sadar north,406700,601,20192,15,26272,4834,45,1465,59564,77594,52197,9506,98184,83074,355
phultala,0,0,0,khulna,khulna,khulna,90341,73,13733,34,8160,582,109,293,8342,14024,7039,21855,19630,6667,6667
pirgacha,0,0,0,rangpur sadar,rangpur,rangpur sadar,210323,280,20887,17,16559,2041,6,777,31651,39024,23331,10530,51075,42140,191
pirganj,0,0,0,thakurgaon,dinajpur,thakurgaon,168367,382,50158,19,17665,2755,27,439,24003,30217,19543,8437,43428,40726,542
pirganj,0,0,0,rangpur sadar,rangpur,rangpur sadar,240839,407,16988,17,20692,5162,35,1358,31116,44315,28729,3502,60489,54954,236
porsha,0,0,0,naogaon,rajshahi,,80790,252,7901,21,7219,1125,,175,8989,13859,7345,5836,22496,18823,75
purbadhala,0,0,0,netrokona,mymensinch,netrakona,211448,337,14440,16,19301,1587,37,386,30592,38393,22842,6014,56033,49930,233
puthia,0,0,0,rajshahi sadar,rajshahi,rajslaahi sadar,126979,193,9529,16,11922,2037,45,658,12603,20244,13836,4779,32492,27540,649
raiganj,0,0,0,serajganj,pabna,serajganj,181280,263,29070,16,18262,3050,6437,148,18495,31106,20017,4680,49246,38178,620
raipur,0,0,0,lakshmipur,noakhali,noakhali sadar,185852,154,8872,23,18934,2325,23,508,15523,34017,22343,40908,47974,31806,857
rajanagar,0,0,0,moulvieazar,sylhet,moulvibazar,154268,430,41725,21,16297,300,6,243,18557,26780,16934,6587,35901,30074,4867
rajapur,0,0,0,jhalokati,barisal,,123056,156,11559,40,15746,995,19,613,12525,22564,15201,9327,33619,17459,258
rajarhat,0,0,0,kurigram,rangpur,kurigram,132622,192,32047,20,,,,,19457,23241,14913,,35433,27304,56
rajasthali,0,0,0,kaptai,chittagong ht,,11367,125,839,18,787,,,,1916,1963,952,,2861,1631,6
rajbari,0,0,0,gopalpur,faridpur,goalaada,200015,275,25375,23,15999,6000,10,193,19763,34810,20507,38645,51709,30938,1137
rajori,0,0,0,madaripur,faridpur,madaripur,176102,227,67466,20,12314,419,1127,232,14143,31185,22299,13979,48664,34353,393
ramganj,0,0,0,lakshmipur,noakhali,noakhali sadar,197118,168,10409,34,24431,1800,193,806,8289,36104,27929,14994,56739,23409,1318
ramgarh,0,0,0,ramgarh,chittagong ht,ramgarh,48186,312,6434,21,3732,50,24,40,8456,8713,5035,18641,12737,10276,304
ramgati,0,0,0,lakshmipur,noakhali,noakhali sadar,263681,404,18209,15,21105,2732,45,1113,35729,44465,24762,19827,66051,49029,280
rampal,0,0,0,bagerhat,khulna,bagerhat,238954,1503,77493,36,11252,3000,119,444,34848,40890,23231,27266,66106,31588,1011
ramu,0,0,0,cox's bazar,chittagong,cox's bazar,123018,381,5637,12,11009,316,48,71,18150,20552,8181,23127,32059,19227,559
rangamati,0,0,0,rangamati,chittagong ht,rangamati,57449,519,8438,38,5785,191,58,168,7759,9060,3073,36405,11105,4953,198
rangunia,0,0,0,ctg sadar north,chittagong,chittagong sadar north,243819,340,43775,34,26769,4500,124,4353,26497,39323,19099,24381,75802,27655,6326
raninagar,0,0,0,naogaon,rajshahi,naogaon,124187,256,17841,20,13257,245,,351,10972,22120,15677,3644,36536,21412,181
ranisankali,0,0,0,thakurgaon,dinajpur,thakurgaon,123014,283,29051,16,10758,1173,13,187,18611,22472,14215,3417,30837,26356,107
rawzan,0,0,0,ctg sadar north,chittagong,chittagong sadar north,268033,250,60036,35,35992,1448,82,422,24340,42730,22006,20906,92182,17396,3361
rowangchhari,0,0,0,bandarban,bandarban,,15561,169,135,12,2008,,,3040,2531,2546,942,2978,2379,6600,28
rowmari,0,0,0,kurigram,rangpur,kurigram,114564,184,892,12,6944,1143,24,1207,16537,19076,12531,6661,28175,26028,33
ruma,0,0,0,bandarban,bandarban,bandarban,18656,189,356,13,1010,,,416,3035,3079,1163,2334,3692,4952,1
sadarpur,0,0,0,faridpur sadar,faridpur,faidpur sadar,154684,230,14440,16,11707,675,644,290,16773,27599,19771,2941,42569,32348,361
sadullapur,0,0,0,gaibandha,rangpur,gaibandlia,199544,227,21083,20,21647,1050,11,805,27514,36977,23420,7064,49280,43295,266
sahjadpur,0,0,0,serajganj,pabna,serajganj,341806,289,24954,18,51654,2803,3541,121,17852,55718,30804,904,88867,51606,12919
saidpur,0,0,0,nilphamari,rangpur,nilphamari,196285,118,13381,26,7021,350,92,348,19133,33183,10624,126608,42130,14052,7048
sailkupa,0,0,0,jhenaidah,jessore,jhenaidah,253518,360,45284,20,18748,2000,93,777,20288,37863,24466,11048,66587,50341,934
salikha,0,0,0,magura,jessore,magura,110687,225,41004,20,10244,800,13,238,10653,16443,13018,239,28377,21609,470
sandwip,0,0,0,ctg sadar north,chittagong,chittagong sadar north,264188,355,31786,27,25896,917,21,,29269,43426,22765,39628,78197,32500,2229
santhia,0,0,0,pabna sadar,pabna,pabna,213454,352,13277,16,19237,10500,6598,153,19512,33481,21268,792,54668,43927,698
sapahar,0,0,0,naogaon,rajshahi,,85032,245,5492,20,7500,970,3,322,10319,13519,8452,,28851,13152,55
sarail,0,0,0,brahmanbaria,comilla,brahmanbaria,198005,209,20591,15,14854,,26,137,17680,33406,22467,22691,52462,37302,353
saran khola,0,0,0,bagerhat,khulna,bagerhat,85810,721,10003,38,11005,500,,,11810,14267,7595,18371,23150,10673,214
sariakandi,0,0,0,bogra sadar,bogra,bogra sadar,176726,291,6242,18,22959,3939,14,357,16093,33490,21583,8371,44368,38343,235
sarishabari,0,0,0,jamalpur,jamalpur,jamalpur,226664,264,7873,17,15015,761,18,798,25939,41724,27713,2159,58621,46903,2730
satkania,0,0,0,chittagong sadar (patiya),chittagong,chittagong sadar south,247355,269,32169,22,41076,2230,74,499,31038,42970,25255,36361,66656,33352,1105
satkhira,0,0,0,satkhira,khulna,satkhira,245646,372,44646,25,23312,740,106,396,29457,39428,25169,52156,62057,42784,901
saturia,0,0,0,manikganj,dhaka,manikcganj,136642,148,15392,16,7735,,5,270,7521,23924,16519,4987,38800,25231,756
senbug,0,0,0,noakhali sadar,noakhali,noakhali sadar,178178,158,10371,26,2125,15298,129,531,16792,31762,24503,17843,127787,68409,3108
serajgonj,0,0,0,serajganj,pabna,,340147,268,19933,23,35867,1500,76,148,21115,57700,29731,106774,81817,43588,10880
shahrasti,0,0,0,chandpur,comilla,,156399,141,9139,34,15660,1988,21,383,10467,27845,22146,6055,42094,18439,799
shakhipur,0,0,0,tangail,tangail,tangail,171498,404,11109,14,13318,1751,16,64,17432,27610,23145,10179,47160,39683,227
sharsha,0,0,0,jessore sadar,jessore,jessore sadar,192795,334,7548,19,14239,2532,60,406,22654,30208,19310,2231,48191,38761,718
sherpur,0,0,0,bogra sadar,bogra,bogra sadar,172236,293,24362,19,13246,1510,90,402,16810,30508,19842,11161,46116,37908,289
shibchar,0,0,0,madaripur,faridpur,madaripur,268949,281,13354,15,20674,1094,3,148,27661,,34404,6674,75613,53188,502
shibganj,0,0,0,bogra sadar,bogra,bogra sadar,251722,305,14647,19,17369,5900,63,420,26840,44760,29202,5440,67645,53259,337
shibganj,0,0,0,nawabganj,rajshahi,nawabganj,334231,476,13584,14,25669,1820,13,589,25904,50978,28179,9555,94780,44827,1171
shivalaya,0,0,0,manikganj,dhaka,manikcganj,119494,171,22166,21,12818,,18,126,10590,20488,12193,1145,33204,21262,533
shyamnagore,0,0,0,satkhira,khulna,satkhira,228939,1579,69501,23,15341,6000,61,220,37030,38085,21830,5147,64001,41934,223
singra,0,0,0,natore,rajshahi,natore,224850,528,32134,21,25634,1067,31,562,20005,36421,25090,9494,55345,47379,331
sonacazi,0,0,0,feni,noakhali,feni,179563,197,18115,23,16358,1290,257,6516,17501,30982,21734,5470,49886,24411,1433
sonatola,0,0,0,bogra sadar,bogra,bogra sadar,135798,212,7658,19,11876,300,,140,13724,25181,16856,6633,34930,36081,244
sreebardi,0,0,0,sherpur,jamalpur,jamalpur,233885,313,4368,15,16792,1645,16,533,37304,47813,27856,7443,60787,43086,89
sreemangal,0,0,0,moulvieazar,sylhet,moulvibazar,181684,488,88431,22,10455,1895,68,201,26323,32980,12439,25151,34693,21365,12805
sreenagar,0,0,0,munshiganj,dhaka,munshiganj,191063,195,26341,27,23000,,161,101,1,31517,16247,,47629,22417,1003
sreepur,0,0,0,magura,jessore,magura,121691,168,32961,24,12500,350,10,555,11057,18712,12870,3037,31097,22574,150
sughatta,0,0,0,gaibandha,rangpur,gaibandlia,169488,220,13244,18,17466,850,19,140,21979,31613,20247,9349,43346,37011,566
sujanagar,0,0,0,pabna sadar,pabna,pabna,177793,264,17168,18,20319,1350,1931,97,16643,28589,16952,6888,46509,31701,693
sulla,0,0,0,sunamganj,sylhet,sunamganj,70521,242,37501,16,4928,,,19,5591,11515,7823,1371,19767,18812,25
sunamganj,0,0,0,sunamganj,sylhet,sunamganj,244019,535,30772,18,18679,375,72,159,28700,38967,23178,18782,30447,48392,965
sundarban reserve f.a,0,0,0,khulna,khulna,,21624,,44,25,,,,,281,465,304,,151,41,10
sundarganj,0,0,0,gaibandha,rangpur,gaibandlia,310108,413,30405,15,29415,3378,11,258,45744,57927,38184,7551,79146,68263,174
swarupkathi,0,0,0,perojpur,barisal,perojpur,183137,187,61871,44,22921,1650,39,129,21310,34210,19890,32676,47978,18555,865
tahirpur,0,0,0,sunamganj,sylhet,sunamganj,121511,340,17254,14,6414,438,2,44,15267,19568,11976,5545,30818,27798,556
tala,0,0,0,satkhira,khulna,satkhira,221019,326,71397,23,18456,,69,264,26693,37310,27052,3319,58563,47961,393
tanore,0,0,0,rajshahi sadar,rajshahi,rajslaahi sadar,272820,297,12736,20,8778,576,,1188,14817,19701,11369,5533,31114,22028,115
taraganj,0,0,0,rangpur sadar,rangpur,,83509,128,11800,15,7220,1075,16,56,12753,16609,9935,,21176,19519,261
tarail,0,0,0,kishoreganj,mymensinch,kishoreganj,110272,141,6755,14,6491,748,483,364,13569,19067,10839,5536,27821,24179,45
tarash,0,0,0,serajganj,pabna,serajganj,108585,297,13127,18,5012,422,805,106,13365,17925,12989,3552,29362,25677,267
tazumuddin,0,0,0,bhola,barisal,bhola,71065,232,10476,20,8825,830,35,116,9533,12005,7407,11493,16860,13637,76
teknaf,0,0,0,cox's bazar,chittagong,cox's bazar,102710,343,1489,9,5280,1014,72,80,15294,16189,5466,16433,25157,11982,131
terokhada,0,0,0,khulna,khulna,khulna,99726,183,30043,24,10511,835,32,143,9114,16814,12139,9554,25135,20216,461
tetulia,0,0,0,panchagarh,dinajpur,thakurgaon,67425,185,1333,18,6645,451,42,341,11123,12536,7605,2533,16981,14904,92
thakurgaon,0,0,0,thakurgaon,dinajpur,thakurgaon,328453,640,91251,24,28012,858,100,732,49096,59539,38713,33404,79482,69200,2841
thanchi,0,0,0,bandarban,bandarban,,14225,405,261,6,420,,,40,2338,2356,339,1384,2174,1708,152
tongibari,0,0,0,munshiganj,dhaka,munshiganj,169896,161,19633,26,4748,,5,98,5345,27296,16584,1934,40401,26809,946
trisal,0,0,0,mymensinch sadar south,mymensinch,myrnensingh sadar south,217818,247,7454,18,17710,1600,4506,719,26477,38929,27939,25152,52098,39379,474
tungipara,0,0,0,gopalganj,faridpur,,77334,92,31702,26,8134,4000,,415,8582,12999,10018,28183,20462,17081,99
ukhia,0,0,0,cox's bazar,chittagong,cox's bazar,89250,256,2139,11,6679,485,32,254,12945,14004,6095,,23766,12571,103
ulipur,0,0,0,kurigram,rangpur,kurigram,272089,402,24642,16,28821,5097,,805,40735,49383,32496,16359,70745,61165,162
ullahpara,0,0,0,serajganj,pabna,serajganj,313305,412,27096,18,31658,5400,74,547,27665,48857,32672,10382,80004,62345,2879
wazirpur,0,0,0,barisal sadar(south),barisal,barisal sadar north,210437,239,59110,37,23683,1400,13,241,19711,37899,28677,5007,56980,31055,869
zakiganj,0,0,0,sylhet sadar,sylhet,sylhet sadar,163224,270,25937,22,13039,1775,55,587,19083,26739,16513,14084,50674,25905,284
zanjira,0,0,0,saritpur,faridpur,madaripur,161199,165,1645,13,17632,5000,2,179,16015,27413,20997,,45197,32489,317
